{
  "project_info": {
    "project_number": "1092727727607",
    "project_id": "eventora-d58a3",
    "storage_bucket": "eventora-d58a3.firebasestorage.app"
  },
  "client": [
    {
      "client_info": {
        "mobilesdk_app_id": "1:1092727727607:android:8185296f3756df026abaf2",
        "android_client_info": {
          "package_name": "com.example.eventora"
        }
      },
      "oauth_client": [],
      "api_key": [
        {
          "current_key": "AIzaSyCwgMqmMiJiAqECNhnygAWHHL7O9u4FE6w"
        }
      ],
      "services": {
        "appinvite_service": {
          "other_platform_oauth_client": []
        }
      }
    }
  ],
  "configuration_version": "1"
}